UserID,SignupDate,SubscriptionPlan,Country
user_0001,2025-04-13,Pro,Germany
user_0002,2025-12-15,Basic,India
user_0003,2025-09-28,Basic,Germany
user_0004,2025-04-17,Basic,United Kingdom
user_0005,2025-03-13,Basic,India
user_0006,2025-07-08,Enterprise,Germany
user_0007,2025-01-21,Basic,India
user_0008,2025-04-13,Pro,Canada
user_0009,2025-05-02,Basic,United Kingdom
user_0010,2025-08-03,Pro,Germany
user_0011,2025-11-27,Pro,Canada
user_0012,2025-03-29,Pro,Canada
user_0013,2025-04-10,Basic,India
user_0014,2025-12-26,Basic,Canada
user_0015,2025-06-01,Basic,United Kingdom
user_0016,2025-05-11,Enterprise,United Kingdom
user_0017,2025-05-30,Pro,United States
user_0018,2025-11-05,Enterprise,United Kingdom
user_0019,2025-09-15,Basic,Canada
user_0020,2025-12-10,Pro,United Kingdom
user_0021,2025-10-21,Enterprise,India
user_0022,2025-07-11,Basic,United States
user_0023,2025-10-04,Basic,Canada
user_0024,2025-06-10,Pro,United States
user_0025,2025-11-10,Pro,Canada
user_0026,2025-01-22,Pro,India
user_0027,2025-09-10,Basic,United States
user_0028,2025-08-24,Pro,Germany
user_0029,2025-12-11,Basic,Canada
user_0030,2025-02-18,Basic,Germany
user_0031,2025-02-28,Basic,United States
user_0032,2025-06-19,Pro,Germany
user_0033,2025-07-07,Pro,Germany
user_0034,2025-09-28,Pro,United States
user_0035,2025-07-09,Basic,India
user_0036,2025-06-24,Enterprise,Germany
user_0037,2025-02-20,Basic,Germany
user_0038,2025-12-30,Pro,India
user_0039,2025-02-24,Basic,Germany
user_0040,2025-09-01,Basic,Germany
user_0041,2025-11-16,Basic,Germany
user_0042,2025-05-11,Basic,United Kingdom
user_0043,2025-11-03,Pro,India
user_0044,2025-05-15,Pro,Germany
user_0045,2025-01-21,Basic,India
user_0046,2025-11-25,Enterprise,Canada
user_0047,2025-06-16,Basic,Canada
user_0048,2025-10-01,Pro,Germany
user_0049,2025-03-30,Enterprise,India
user_0050,2025-11-12,Pro,India
user_0051,2025-01-14,Basic,India
user_0052,2025-08-30,Enterprise,United Kingdom
user_0053,2025-09-22,Pro,Canada
user_0054,2025-12-12,Basic,India
user_0055,2025-02-22,Basic,India
user_0056,2025-12-06,Pro,United Kingdom
user_0057,2025-04-02,Pro,United Kingdom
user_0058,2025-09-21,Pro,India
user_0059,2025-02-04,Enterprise,United States
user_0060,2025-07-25,Pro,India
user_0061,2025-03-22,Basic,India
user_0062,2025-02-19,Basic,United Kingdom
user_0063,2025-12-26,Basic,United Kingdom
user_0064,2025-01-02,Pro,India
user_0065,2025-02-23,Basic,India
user_0066,2025-04-16,Pro,India
user_0067,2025-09-17,Pro,United Kingdom
user_0068,2025-11-06,Enterprise,India
user_0069,2025-07-10,Basic,India
user_0070,2025-08-06,Pro,Germany
user_0071,2025-02-13,Basic,United States
user_0072,2025-06-11,Pro,Canada
user_0073,2025-07-21,Basic,United States
user_0074,2025-09-27,Basic,Germany
user_0075,2025-12-17,Pro,Canada
user_0076,2025-10-31,Basic,India
user_0077,2025-09-28,Basic,Germany
user_0078,2025-08-03,Pro,India
user_0079,2025-09-09,Pro,United Kingdom
user_0080,2025-07-09,Pro,Germany
user_0081,2025-10-23,Pro,United Kingdom
user_0082,2025-08-01,Pro,Germany
user_0083,2025-07-27,Basic,Germany
user_0084,2025-08-25,Basic,United Kingdom
user_0085,2025-12-04,Basic,Canada
user_0086,2025-02-22,Enterprise,United States
user_0087,2025-10-07,Pro,India
user_0088,2025-08-05,Basic,Germany
user_0089,2025-09-09,Basic,India
user_0090,2025-07-07,Enterprise,United Kingdom
user_0091,2025-02-10,Basic,India
user_0092,2025-06-06,Pro,United Kingdom
user_0093,2025-01-15,Pro,India
user_0094,2025-10-28,Pro,United States
user_0095,2025-03-06,Basic,United States
user_0096,2025-12-11,Enterprise,United States
user_0097,2025-11-23,Enterprise,United States
user_0098,2025-01-09,Pro,United States
user_0099,2025-12-10,Pro,United States
user_0100,2025-05-09,Enterprise,United Kingdom
user_0101,2025-05-16,Pro,Germany
user_0102,2025-03-04,Basic,India
user_0103,2025-05-19,Pro,United States
user_0104,2025-03-22,Pro,United Kingdom
user_0105,2025-06-12,Basic,United Kingdom
user_0106,2025-10-16,Pro,United Kingdom
user_0107,2025-09-18,Enterprise,Germany
user_0108,2025-08-19,Enterprise,India
user_0109,2025-02-10,Basic,Germany
user_0110,2025-01-28,Basic,Canada
user_0111,2025-05-15,Enterprise,United Kingdom
user_0112,2025-07-20,Pro,Canada
user_0113,2025-11-24,Basic,United States
user_0114,2025-09-25,Enterprise,United States
user_0115,2025-02-02,Enterprise,Germany
user_0116,2025-02-17,Pro,India
user_0117,2025-03-03,Pro,Canada
user_0118,2025-08-04,Basic,India
user_0119,2025-10-20,Basic,Germany
user_0120,2025-04-09,Basic,United States
user_0121,2025-06-21,Pro,India
user_0122,2025-12-26,Basic,India
user_0123,2025-08-02,Basic,United States
user_0124,2025-02-04,Basic,Canada
user_0125,2025-08-15,Pro,United States
user_0126,2025-04-11,Enterprise,India
user_0127,2025-05-11,Basic,Canada
user_0128,2025-09-14,Basic,Canada
user_0129,2025-01-05,Pro,United States
user_0130,2025-08-06,Basic,India
user_0131,2025-09-12,Basic,Germany
user_0132,2025-12-25,Basic,India
user_0133,2025-10-10,Basic,United Kingdom
user_0134,2025-07-26,Basic,Germany
user_0135,2025-01-15,Basic,Canada
user_0136,2025-12-12,Basic,Germany
user_0137,2025-02-11,Enterprise,Canada
user_0138,2025-06-28,Basic,Canada
user_0139,2025-03-04,Pro,Germany
user_0140,2025-12-18,Pro,Canada
user_0141,2025-08-19,Basic,Canada
user_0142,2025-08-29,Pro,United Kingdom
user_0143,2025-02-21,Basic,India
user_0144,2025-04-06,Enterprise,India
user_0145,2025-08-10,Basic,United Kingdom
user_0146,2025-08-19,Basic,Germany
user_0147,2025-08-25,Basic,United States
user_0148,2025-05-23,Enterprise,United States
user_0149,2025-06-20,Pro,United States
user_0150,2025-01-29,Pro,United Kingdom
user_0151,2025-02-05,Basic,United Kingdom
user_0152,2025-01-13,Pro,Canada
user_0153,2025-06-09,Basic,United States
user_0154,2025-11-23,Enterprise,Germany
user_0155,2025-07-06,Basic,Germany
user_0156,2025-08-31,Basic,United States
user_0157,2025-03-27,Basic,United States
user_0158,2025-10-11,Basic,United States
user_0159,2025-03-07,Pro,United Kingdom
user_0160,2025-06-19,Basic,United Kingdom
user_0161,2025-02-14,Pro,United Kingdom
user_0162,2025-03-03,Basic,India
user_0163,2025-05-14,Pro,Germany
user_0164,2025-10-11,Basic,Germany
user_0165,2025-01-28,Basic,Canada
user_0166,2025-04-18,Pro,United Kingdom
user_0167,2025-02-13,Basic,India
user_0168,2025-12-06,Basic,India
user_0169,2025-10-13,Enterprise,Germany
user_0170,2025-11-27,Enterprise,United Kingdom
user_0171,2025-05-08,Basic,Canada
user_0172,2025-12-14,Basic,United Kingdom
user_0173,2025-08-19,Pro,United States
user_0174,2025-07-09,Basic,United Kingdom
user_0175,2025-08-13,Basic,United States
user_0176,2025-10-10,Basic,United States
user_0177,2025-05-01,Pro,Canada
user_0178,2025-04-26,Pro,Germany
user_0179,2025-08-21,Basic,United Kingdom
user_0180,2025-09-16,Basic,United States
user_0181,2025-12-25,Basic,United Kingdom
user_0182,2025-07-17,Pro,Germany
user_0183,2025-05-17,Basic,Germany
user_0184,2025-11-14,Basic,India
user_0185,2025-06-14,Pro,Germany
user_0186,2025-08-13,Basic,Canada
user_0187,2025-11-03,Pro,United States
user_0188,2025-08-22,Basic,India
user_0189,2025-06-21,Basic,Canada
user_0190,2025-06-01,Basic,United Kingdom
user_0191,2025-11-11,Pro,United States
user_0192,2025-06-09,Enterprise,Germany
user_0193,2025-04-06,Pro,United States
user_0194,2025-08-21,Basic,United Kingdom
user_0195,2025-06-29,Pro,India
user_0196,2025-04-23,Basic,India
user_0197,2025-11-14,Basic,India
user_0198,2025-02-21,Enterprise,Germany
user_0199,2025-09-25,Basic,Canada
user_0200,2025-10-22,Basic,Canada
user_0201,2025-04-23,Basic,United States
user_0202,2025-04-11,Basic,Germany
user_0203,2025-04-23,Basic,India
user_0204,2025-03-22,Pro,India
user_0205,2025-07-06,Basic,United Kingdom
user_0206,2025-04-23,Enterprise,United Kingdom
user_0207,2025-01-02,Pro,India
user_0208,2025-05-10,Basic,India
user_0209,2025-08-08,Basic,Germany
user_0210,2025-02-23,Basic,Canada
user_0211,2025-12-09,Pro,United Kingdom
user_0212,2025-08-12,Basic,Canada
user_0213,2025-08-13,Pro,Germany
user_0214,2025-05-06,Basic,India
user_0215,2025-05-10,Pro,Canada
user_0216,2025-02-22,Basic,India
user_0217,2025-06-21,Basic,India
user_0218,2025-08-06,Enterprise,United States
user_0219,2025-06-09,Pro,Canada
user_0220,2025-07-17,Basic,Canada
user_0221,2025-09-04,Enterprise,India
user_0222,2025-11-20,Basic,Germany
user_0223,2025-07-22,Enterprise,United States
user_0224,2025-07-03,Pro,India
user_0225,2025-05-03,Basic,United Kingdom
user_0226,2025-09-12,Basic,United Kingdom
user_0227,2025-10-21,Basic,United States
user_0228,2025-10-07,Pro,Germany
user_0229,2025-11-21,Pro,India
user_0230,2025-04-08,Basic,Canada
user_0231,2025-07-17,Basic,United States
user_0232,2025-08-28,Pro,Germany
user_0233,2025-05-24,Enterprise,Canada
user_0234,2025-04-07,Pro,United Kingdom
user_0235,2025-07-20,Basic,United Kingdom
user_0236,2025-05-04,Basic,Canada
user_0237,2025-07-06,Basic,United States
user_0238,2025-11-22,Enterprise,United Kingdom
user_0239,2025-12-15,Basic,India
user_0240,2025-09-16,Pro,Canada
user_0241,2025-05-28,Basic,Canada
user_0242,2025-09-09,Pro,United Kingdom
user_0243,2025-12-12,Pro,United States
user_0244,2025-05-27,Pro,India
user_0245,2025-05-28,Basic,United States
user_0246,2025-12-18,Basic,Germany
user_0247,2025-07-18,Basic,Germany
user_0248,2025-11-04,Enterprise,United Kingdom
user_0249,2025-05-08,Enterprise,United Kingdom
user_0250,2025-02-08,Pro,United Kingdom
user_0251,2025-12-04,Pro,Germany
user_0252,2025-12-26,Pro,United States
user_0253,2025-05-09,Basic,United States
user_0254,2025-09-24,Enterprise,United Kingdom
user_0255,2025-05-31,Basic,India
user_0256,2025-10-25,Basic,United States
user_0257,2025-04-09,Pro,Germany
user_0258,2025-09-20,Basic,Canada
user_0259,2025-09-09,Basic,Canada
user_0260,2025-05-24,Pro,Canada
user_0261,2025-12-12,Basic,India
user_0262,2025-04-22,Pro,United Kingdom
user_0263,2025-03-01,Basic,Germany
user_0264,2025-01-02,Basic,India
user_0265,2025-10-31,Basic,Germany
user_0266,2025-09-11,Basic,Germany
user_0267,2025-05-20,Pro,United Kingdom
user_0268,2025-02-06,Basic,Canada
user_0269,2025-06-09,Pro,United Kingdom
user_0270,2025-01-09,Basic,India
user_0271,2025-08-21,Pro,India
user_0272,2025-04-09,Enterprise,India
user_0273,2025-05-27,Pro,United Kingdom
user_0274,2025-10-31,Basic,Germany
user_0275,2025-07-27,Basic,Germany
user_0276,2025-05-11,Basic,United States
user_0277,2025-06-01,Pro,India
user_0278,2025-02-23,Basic,Germany
user_0279,2025-04-30,Basic,United States
user_0280,2025-06-10,Pro,Germany
user_0281,2025-04-26,Basic,India
user_0282,2025-03-16,Pro,Canada
user_0283,2025-04-23,Basic,India
user_0284,2025-04-14,Basic,United Kingdom
user_0285,2025-12-06,Pro,Germany
user_0286,2025-09-11,Basic,Germany
user_0287,2025-08-15,Pro,United Kingdom
user_0288,2025-04-22,Basic,United Kingdom
user_0289,2025-04-09,Basic,Canada
user_0290,2025-06-02,Pro,Germany
user_0291,2025-12-15,Pro,Germany
user_0292,2025-12-04,Pro,Canada
user_0293,2025-07-13,Basic,United States
user_0294,2025-11-06,Pro,Canada
user_0295,2025-06-12,Basic,India
user_0296,2025-07-27,Basic,Germany
user_0297,2025-06-18,Enterprise,United Kingdom
user_0298,2025-06-10,Basic,India
user_0299,2025-03-09,Enterprise,Germany
user_0300,2025-10-16,Basic,Canada
user_0301,2025-10-04,Basic,India
user_0302,2025-10-31,Pro,Germany
user_0303,2025-05-15,Enterprise,United States
user_0304,2025-07-14,Pro,United States
user_0305,2025-05-08,Pro,United Kingdom
user_0306,2025-02-02,Pro,Germany
user_0307,2025-06-25,Pro,United States
user_0308,2025-01-22,Pro,Canada
user_0309,2025-08-26,Basic,Germany
user_0310,2025-06-07,Basic,Canada
user_0311,2025-02-07,Basic,Canada
user_0312,2025-08-18,Enterprise,United States
user_0313,2025-12-31,Enterprise,Germany
user_0314,2025-02-20,Basic,India
user_0315,2025-09-21,Pro,United States
user_0316,2025-10-10,Enterprise,United States
user_0317,2025-01-27,Basic,Germany
user_0318,2025-08-14,Pro,Germany
user_0319,2025-10-04,Enterprise,Canada
user_0320,2025-10-13,Basic,Germany
user_0321,2025-04-07,Pro,Canada
user_0322,2025-10-11,Basic,United States
user_0323,2025-11-13,Enterprise,United Kingdom
user_0324,2025-10-31,Enterprise,India
user_0325,2025-05-27,Enterprise,United States
user_0326,2025-01-04,Basic,Germany
user_0327,2025-02-04,Enterprise,India
user_0328,2025-07-11,Pro,United Kingdom
user_0329,2025-02-18,Basic,United Kingdom
user_0330,2025-01-17,Pro,Canada
user_0331,2025-06-21,Basic,India
user_0332,2025-08-08,Pro,Canada
user_0333,2025-06-07,Basic,United States
user_0334,2025-02-15,Basic,India
user_0335,2025-01-06,Basic,United States
user_0336,2025-04-09,Pro,Canada
user_0337,2025-08-21,Basic,India
user_0338,2025-02-06,Pro,Canada
user_0339,2025-10-07,Basic,India
user_0340,2025-12-15,Basic,Canada
user_0341,2025-10-29,Pro,United Kingdom
user_0342,2025-06-30,Pro,Canada
user_0343,2025-04-05,Basic,United Kingdom
user_0344,2025-04-09,Pro,Canada
user_0345,2025-07-07,Enterprise,India
user_0346,2025-04-26,Pro,India
user_0347,2025-07-10,Basic,India
user_0348,2025-09-10,Basic,Germany
user_0349,2025-06-10,Enterprise,United States
user_0350,2025-09-13,Basic,India
user_0351,2025-11-19,Enterprise,United Kingdom
user_0352,2025-05-08,Pro,India
user_0353,2025-01-18,Enterprise,Germany
user_0354,2025-10-08,Pro,United Kingdom
user_0355,2025-08-11,Enterprise,Germany
user_0356,2025-02-23,Basic,United Kingdom
user_0357,2025-02-27,Pro,Canada
user_0358,2025-11-19,Basic,United States
user_0359,2025-12-26,Basic,United States
user_0360,2025-06-23,Pro,Germany
user_0361,2025-10-07,Enterprise,United States
user_0362,2025-04-24,Enterprise,Germany
user_0363,2025-10-15,Pro,Germany
user_0364,2025-12-08,Basic,Germany
user_0365,2025-05-31,Basic,United States
user_0366,2025-05-07,Pro,Germany
user_0367,2025-06-04,Basic,United States
user_0368,2025-09-30,Basic,Germany
user_0369,2025-04-14,Basic,India
user_0370,2025-10-26,Basic,Germany
user_0371,2025-09-03,Basic,United Kingdom
user_0372,2025-06-25,Basic,Germany
user_0373,2025-02-08,Basic,Canada
user_0374,2025-06-19,Basic,Germany
user_0375,2025-09-04,Enterprise,United Kingdom
user_0376,2025-01-26,Basic,United Kingdom
user_0377,2025-12-21,Basic,United States
user_0378,2025-11-02,Pro,India
user_0379,2025-01-13,Basic,Germany
user_0380,2025-11-12,Enterprise,United States
user_0381,2025-11-09,Pro,India
user_0382,2025-02-05,Basic,Germany
user_0383,2025-06-22,Basic,Canada
user_0384,2025-01-20,Enterprise,Germany
user_0385,2025-11-17,Enterprise,United Kingdom
user_0386,2025-09-21,Basic,United Kingdom
user_0387,2025-05-22,Pro,Canada
user_0388,2025-05-23,Basic,United States
user_0389,2025-04-02,Enterprise,India
user_0390,2025-12-20,Basic,Germany
user_0391,2025-11-18,Enterprise,United Kingdom
user_0392,2025-10-15,Pro,United States
user_0393,2025-08-03,Pro,Canada
user_0394,2025-12-08,Pro,United Kingdom
user_0395,2025-02-20,Basic,Canada
user_0396,2025-06-02,Basic,Germany
user_0397,2025-07-05,Basic,India
user_0398,2025-03-04,Basic,United Kingdom
user_0399,2025-07-09,Pro,United Kingdom
user_0400,2025-05-05,Basic,Germany
user_0401,2025-05-30,Basic,United States
user_0402,2025-11-10,Enterprise,India
user_0403,2025-02-27,Enterprise,United Kingdom
user_0404,2025-12-08,Enterprise,India
user_0405,2025-11-01,Enterprise,United Kingdom
user_0406,2025-06-29,Basic,India
user_0407,2025-06-19,Basic,Canada
user_0408,2025-11-22,Pro,United Kingdom
user_0409,2025-09-28,Pro,India
user_0410,2025-02-23,Basic,United States
user_0411,2025-04-11,Pro,Canada
user_0412,2025-09-21,Basic,Canada
user_0413,2025-02-22,Basic,United States
user_0414,2025-03-01,Pro,India
user_0415,2025-04-18,Pro,Germany
user_0416,2025-01-05,Pro,United States
user_0417,2025-04-13,Basic,India
user_0418,2025-07-15,Enterprise,United States
user_0419,2025-09-19,Basic,United States
user_0420,2025-12-31,Basic,United Kingdom
user_0421,2025-12-16,Enterprise,India
user_0422,2025-02-16,Enterprise,Germany
user_0423,2025-12-21,Enterprise,United Kingdom
user_0424,2025-11-07,Pro,United States
user_0425,2025-11-04,Pro,United States
user_0426,2025-05-24,Pro,United States
user_0427,2025-09-26,Basic,India
user_0428,2025-05-04,Basic,India
user_0429,2025-04-16,Basic,United Kingdom
user_0430,2025-06-07,Basic,Germany
user_0431,2025-05-27,Pro,United Kingdom
user_0432,2025-05-25,Basic,Canada
user_0433,2025-04-30,Basic,United States
user_0434,2025-11-15,Basic,United States
user_0435,2025-10-02,Pro,United States
user_0436,2025-04-02,Basic,United Kingdom
user_0437,2025-02-27,Enterprise,United Kingdom
user_0438,2025-12-12,Basic,United States
user_0439,2025-08-17,Basic,United Kingdom
user_0440,2025-04-27,Pro,India
user_0441,2025-11-14,Pro,India
user_0442,2025-10-06,Basic,United Kingdom
user_0443,2025-05-07,Pro,United States
user_0444,2025-05-09,Pro,United Kingdom
user_0445,2025-02-27,Basic,United Kingdom
user_0446,2025-05-02,Enterprise,United Kingdom
user_0447,2025-01-01,Pro,Canada
user_0448,2025-08-27,Pro,India
user_0449,2025-10-17,Enterprise,Germany
user_0450,2025-04-06,Enterprise,Germany
user_0451,2025-05-06,Pro,Canada
user_0452,2025-04-28,Pro,United Kingdom
user_0453,2025-02-17,Pro,Canada
user_0454,2025-03-30,Pro,Canada
user_0455,2025-08-25,Pro,United States
user_0456,2025-09-29,Pro,India
user_0457,2025-07-08,Basic,Germany
user_0458,2025-07-11,Enterprise,United Kingdom
user_0459,2025-03-10,Enterprise,Germany
user_0460,2025-10-05,Basic,Germany
user_0461,2025-12-15,Pro,India
user_0462,2025-09-04,Basic,Germany
user_0463,2025-03-17,Basic,Germany
user_0464,2025-06-03,Pro,Canada
user_0465,2025-05-24,Basic,India
user_0466,2025-03-27,Pro,United States
user_0467,2025-07-04,Pro,United Kingdom
user_0468,2025-10-12,Pro,Germany
user_0469,2025-08-08,Basic,United Kingdom
user_0470,2025-03-10,Basic,United States
user_0471,2025-02-16,Pro,United Kingdom
user_0472,2025-04-04,Enterprise,United States
user_0473,2025-08-26,Pro,Canada
user_0474,2025-07-23,Basic,Germany
user_0475,2025-08-06,Pro,United States
user_0476,2025-12-07,Pro,United Kingdom
user_0477,2025-02-08,Pro,Germany
user_0478,2025-04-10,Basic,Canada
user_0479,2025-10-16,Pro,Germany
user_0480,2025-09-11,Pro,United States
user_0481,2025-08-10,Enterprise,Canada
user_0482,2025-12-23,Basic,United Kingdom
user_0483,2025-01-23,Pro,Canada
user_0484,2025-09-07,Enterprise,Canada
user_0485,2025-01-10,Basic,India
user_0486,2025-09-03,Enterprise,Canada
user_0487,2025-11-21,Pro,Canada
user_0488,2025-04-10,Basic,Germany
user_0489,2025-10-17,Basic,United Kingdom
user_0490,2025-06-29,Pro,Germany
user_0491,2025-08-11,Basic,Germany
user_0492,2025-09-07,Pro,United States
user_0493,2025-05-27,Basic,Germany
user_0494,2025-04-06,Pro,India
user_0495,2025-09-14,Basic,India
user_0496,2025-11-21,Enterprise,United States
user_0497,2025-01-04,Enterprise,United Kingdom
user_0498,2025-01-16,Enterprise,United Kingdom
user_0499,2025-10-07,Pro,Germany
user_0500,2025-12-02,Basic,Germany
user_0501,2025-09-04,Pro,Germany
user_0502,2025-09-15,Basic,United Kingdom
user_0503,2025-06-09,Basic,Canada
user_0504,2025-12-06,Basic,India
user_0505,2025-06-01,Basic,Canada
user_0506,2025-06-27,Pro,Canada
user_0507,2025-06-12,Pro,United Kingdom
user_0508,2025-02-02,Basic,Canada
user_0509,2025-06-28,Basic,United States
user_0510,2025-04-11,Enterprise,Germany
user_0511,2025-09-25,Basic,United States
user_0512,2025-11-19,Basic,India
user_0513,2025-03-06,Basic,Germany
user_0514,2025-06-17,Pro,Canada
user_0515,2025-11-26,Pro,India
user_0516,2025-02-12,Basic,Germany
user_0517,2025-02-13,Basic,Canada
user_0518,2025-10-12,Pro,United States
user_0519,2025-01-12,Pro,Germany
user_0520,2025-04-05,Basic,Canada
user_0521,2025-10-29,Enterprise,United States
user_0522,2025-09-10,Basic,India
user_0523,2025-08-30,Basic,India
user_0524,2025-02-04,Enterprise,India
user_0525,2025-08-03,Basic,India
user_0526,2025-12-03,Pro,United Kingdom
user_0527,2025-03-31,Basic,Germany
user_0528,2025-09-21,Basic,Germany
user_0529,2025-04-03,Enterprise,United Kingdom
user_0530,2025-03-31,Basic,Canada
user_0531,2025-04-25,Enterprise,Canada
user_0532,2025-04-15,Basic,India
user_0533,2025-07-15,Basic,United States
user_0534,2025-11-10,Basic,Canada
user_0535,2025-04-24,Pro,United States
user_0536,2025-03-16,Basic,Germany
user_0537,2025-08-05,Enterprise,United States
user_0538,2025-10-04,Basic,Germany
user_0539,2025-09-06,Enterprise,United Kingdom
user_0540,2025-06-13,Basic,United Kingdom
user_0541,2025-12-23,Enterprise,India
user_0542,2025-07-11,Pro,Canada
user_0543,2025-08-15,Pro,India
user_0544,2025-06-26,Pro,Germany
user_0545,2025-04-09,Pro,India
user_0546,2025-02-05,Pro,United States
user_0547,2025-04-06,Basic,Germany
user_0548,2025-06-01,Basic,United Kingdom
user_0549,2025-05-31,Enterprise,Canada
user_0550,2025-07-09,Pro,Germany
user_0551,2025-08-12,Pro,Germany
user_0552,2025-02-06,Basic,United States
user_0553,2025-09-25,Basic,Canada
user_0554,2025-07-02,Basic,United Kingdom
user_0555,2025-01-13,Pro,Germany
user_0556,2025-10-06,Basic,Germany
user_0557,2025-08-05,Basic,United States
user_0558,2025-12-21,Basic,India
user_0559,2025-12-27,Basic,United Kingdom
user_0560,2025-10-13,Pro,Canada
user_0561,2025-09-30,Basic,Germany
user_0562,2025-03-03,Pro,Germany
user_0563,2025-03-25,Basic,United Kingdom
user_0564,2025-08-05,Basic,India
user_0565,2025-12-08,Basic,Germany
user_0566,2025-07-06,Basic,United Kingdom
user_0567,2025-01-19,Basic,United States
user_0568,2025-06-26,Basic,India
user_0569,2025-04-10,Pro,Canada
user_0570,2025-08-21,Basic,Germany
user_0571,2025-03-17,Pro,United Kingdom
user_0572,2025-09-22,Enterprise,United States
user_0573,2025-10-11,Pro,Canada
user_0574,2025-07-25,Basic,United Kingdom
user_0575,2025-08-11,Basic,United Kingdom
user_0576,2025-02-21,Basic,Canada
user_0577,2025-12-05,Basic,United States
user_0578,2025-05-24,Enterprise,United States
user_0579,2025-03-10,Basic,India
user_0580,2025-04-09,Basic,Germany
user_0581,2025-01-25,Pro,Canada
user_0582,2025-02-22,Pro,Canada
user_0583,2025-05-31,Pro,Canada
user_0584,2025-05-24,Basic,United States
user_0585,2025-02-26,Basic,Germany
user_0586,2025-02-08,Pro,India
user_0587,2025-04-19,Basic,United Kingdom
user_0588,2025-06-30,Basic,United Kingdom
user_0589,2025-02-11,Basic,Canada
user_0590,2025-07-05,Basic,Germany
user_0591,2025-08-11,Basic,United States
user_0592,2025-05-02,Basic,Germany
user_0593,2025-05-13,Pro,Germany
user_0594,2025-06-12,Pro,United States
user_0595,2025-08-03,Pro,Canada
user_0596,2025-08-09,Basic,Germany
user_0597,2025-08-23,Basic,United Kingdom
user_0598,2025-11-27,Basic,United States
user_0599,2025-05-26,Pro,India
user_0600,2025-08-27,Pro,Canada
user_0601,2025-03-17,Basic,United States
user_0602,2025-01-09,Enterprise,India
user_0603,2025-03-15,Basic,India
user_0604,2025-09-10,Pro,Germany
user_0605,2025-08-18,Pro,Germany
user_0606,2025-01-07,Enterprise,Germany
user_0607,2025-06-23,Pro,United States
user_0608,2025-05-21,Pro,United States
user_0609,2025-06-17,Basic,Canada
user_0610,2025-06-19,Pro,Germany
user_0611,2025-10-10,Basic,India
user_0612,2025-05-02,Enterprise,United Kingdom
user_0613,2025-07-13,Pro,Canada
user_0614,2025-01-05,Pro,United States
user_0615,2025-01-29,Basic,Canada
user_0616,2025-06-14,Pro,Canada
user_0617,2025-12-05,Pro,Canada
user_0618,2025-05-16,Pro,Canada
user_0619,2025-12-31,Basic,United Kingdom
user_0620,2025-11-17,Basic,Germany
user_0621,2025-12-08,Basic,India
user_0622,2025-05-25,Basic,Canada
user_0623,2025-11-23,Enterprise,Canada
user_0624,2025-08-05,Basic,Canada
user_0625,2025-10-28,Enterprise,Germany
user_0626,2025-05-12,Basic,United States
user_0627,2025-10-19,Basic,United States
user_0628,2025-03-11,Pro,United Kingdom
user_0629,2025-09-09,Pro,United States
user_0630,2025-10-02,Basic,Canada
user_0631,2025-12-30,Pro,Canada
user_0632,2025-07-01,Pro,Canada
user_0633,2025-06-16,Basic,United Kingdom
user_0634,2025-04-01,Enterprise,Canada
user_0635,2025-07-21,Enterprise,United States
user_0636,2025-12-12,Pro,Germany
user_0637,2025-01-19,Basic,Germany
user_0638,2025-02-08,Pro,India
user_0639,2025-05-06,Basic,United States
user_0640,2025-06-22,Basic,Canada
user_0641,2025-05-21,Basic,Germany
user_0642,2025-08-30,Basic,United States
user_0643,2025-08-08,Enterprise,Germany
user_0644,2025-05-06,Pro,Canada
user_0645,2025-02-27,Pro,Germany
user_0646,2025-05-28,Basic,India
user_0647,2025-11-13,Basic,India
user_0648,2025-12-27,Basic,Germany
user_0649,2025-01-01,Enterprise,United States
user_0650,2025-12-14,Basic,United States
user_0651,2025-07-09,Enterprise,United States
user_0652,2025-07-10,Pro,Germany
user_0653,2025-11-08,Basic,United States
user_0654,2025-04-27,Pro,Canada
user_0655,2025-05-14,Basic,India
user_0656,2025-02-27,Enterprise,Canada
user_0657,2025-02-13,Enterprise,United States
user_0658,2025-06-22,Basic,Canada
user_0659,2025-06-09,Basic,United States
user_0660,2025-06-22,Pro,Germany
user_0661,2025-11-13,Enterprise,Canada
user_0662,2025-10-30,Basic,Germany
user_0663,2025-05-29,Pro,Germany
user_0664,2025-03-21,Pro,United Kingdom
user_0665,2025-08-01,Pro,United States
user_0666,2025-07-22,Basic,India
user_0667,2025-09-09,Pro,United States
user_0668,2025-08-17,Enterprise,India
user_0669,2025-06-13,Basic,United States
user_0670,2025-08-15,Basic,Germany
user_0671,2025-05-27,Enterprise,Canada
user_0672,2025-01-20,Basic,Canada
user_0673,2025-02-16,Enterprise,United Kingdom
user_0674,2025-08-21,Basic,India
user_0675,2025-11-01,Basic,India
user_0676,2025-01-14,Enterprise,India
user_0677,2025-05-23,Basic,Germany
user_0678,2025-01-01,Pro,India
user_0679,2025-02-23,Basic,Canada
user_0680,2025-09-16,Pro,Germany
user_0681,2025-05-24,Basic,United States
user_0682,2025-01-12,Basic,India
user_0683,2025-11-26,Enterprise,India
user_0684,2025-08-12,Basic,United States
user_0685,2025-09-29,Pro,India
user_0686,2025-12-24,Basic,United States
user_0687,2025-06-05,Pro,Germany
user_0688,2025-01-08,Basic,Canada
user_0689,2025-05-02,Enterprise,United States
user_0690,2025-12-14,Basic,United Kingdom
user_0691,2025-06-13,Basic,United States
user_0692,2025-03-31,Basic,India
user_0693,2025-05-16,Basic,Germany
user_0694,2025-07-05,Pro,Germany
user_0695,2025-11-12,Basic,United States
user_0696,2025-06-27,Pro,Canada
user_0697,2025-01-28,Basic,United Kingdom
user_0698,2025-08-08,Basic,Germany
user_0699,2025-12-23,Pro,India
user_0700,2025-02-10,Pro,India
user_0701,2025-08-16,Basic,Canada
user_0702,2025-07-11,Basic,Germany
user_0703,2025-05-25,Basic,United States
user_0704,2025-07-20,Pro,India
user_0705,2025-07-31,Pro,Canada
user_0706,2025-08-08,Basic,Germany
user_0707,2025-08-28,Pro,Germany
user_0708,2025-02-15,Pro,Germany
user_0709,2025-02-04,Pro,Germany
user_0710,2025-09-10,Enterprise,Germany
user_0711,2025-03-23,Basic,India
user_0712,2025-09-13,Basic,Canada
user_0713,2025-07-16,Basic,Germany
user_0714,2025-10-30,Basic,United Kingdom
user_0715,2025-01-10,Pro,United Kingdom
user_0716,2025-11-08,Enterprise,Canada
user_0717,2025-10-13,Basic,United States
user_0718,2025-08-30,Basic,United States
user_0719,2025-09-08,Basic,United States
user_0720,2025-12-31,Enterprise,United Kingdom
user_0721,2025-01-05,Basic,United States
user_0722,2025-04-29,Pro,India
user_0723,2025-10-16,Basic,Germany
user_0724,2025-03-06,Basic,United Kingdom
user_0725,2025-05-26,Enterprise,Canada
user_0726,2025-08-12,Enterprise,Canada
user_0727,2025-08-27,Basic,Germany
user_0728,2025-06-26,Enterprise,United Kingdom
user_0729,2025-09-24,Pro,United States
user_0730,2025-12-07,Enterprise,United States
user_0731,2025-10-09,Basic,India
user_0732,2025-03-04,Pro,India
user_0733,2025-08-05,Basic,United States
user_0734,2025-12-08,Pro,Canada
user_0735,2025-11-11,Basic,Canada
user_0736,2025-10-10,Basic,India
user_0737,2025-06-26,Basic,Germany
user_0738,2025-04-08,Pro,United States
user_0739,2025-04-15,Basic,India
user_0740,2025-04-09,Pro,India
user_0741,2025-11-07,Enterprise,United States
user_0742,2025-01-06,Basic,United States
user_0743,2025-07-16,Pro,Canada
user_0744,2025-12-17,Basic,Germany
user_0745,2025-05-13,Enterprise,Germany
user_0746,2025-12-24,Basic,United States
user_0747,2025-09-16,Pro,United Kingdom
user_0748,2025-01-23,Pro,India
user_0749,2025-02-22,Enterprise,India
user_0750,2025-06-14,Pro,United States
user_0751,2025-07-21,Basic,United Kingdom
user_0752,2025-03-24,Pro,Canada
user_0753,2025-05-25,Enterprise,United States
user_0754,2025-03-26,Pro,United States
user_0755,2025-03-19,Basic,India
user_0756,2025-01-01,Enterprise,United States
user_0757,2025-02-20,Pro,United States
user_0758,2025-06-22,Pro,United States
user_0759,2025-07-24,Basic,India
user_0760,2025-09-17,Pro,Canada
user_0761,2025-10-15,Basic,Canada
user_0762,2025-02-03,Pro,United States
user_0763,2025-12-14,Basic,India
user_0764,2025-04-05,Pro,Canada
user_0765,2025-03-13,Enterprise,Canada
user_0766,2025-02-08,Basic,Canada
user_0767,2025-06-03,Enterprise,India
user_0768,2025-09-07,Basic,India
user_0769,2025-06-11,Enterprise,United States
user_0770,2025-04-28,Pro,Germany
user_0771,2025-09-16,Pro,Canada
user_0772,2025-11-02,Pro,Germany
user_0773,2025-09-25,Enterprise,India
user_0774,2025-02-23,Basic,India
user_0775,2025-08-24,Basic,India
user_0776,2025-08-10,Pro,Germany
user_0777,2025-09-08,Pro,India
user_0778,2025-11-09,Pro,United States
user_0779,2025-04-22,Pro,India
user_0780,2025-09-12,Basic,United Kingdom
user_0781,2025-10-30,Pro,Germany
user_0782,2025-07-26,Basic,United Kingdom
user_0783,2025-08-17,Pro,India
user_0784,2025-12-07,Basic,United States
user_0785,2025-03-07,Basic,Canada
user_0786,2025-03-16,Basic,India
user_0787,2025-04-13,Basic,United States
user_0788,2025-07-11,Pro,Germany
user_0789,2025-09-09,Basic,United Kingdom
user_0790,2025-08-14,Basic,United Kingdom
user_0791,2025-10-21,Basic,United Kingdom
user_0792,2025-11-02,Basic,Germany
user_0793,2025-04-08,Basic,United States
user_0794,2025-12-04,Basic,Germany
user_0795,2025-10-13,Pro,United Kingdom
user_0796,2025-12-01,Pro,India
user_0797,2025-12-13,Pro,Canada
user_0798,2025-11-04,Basic,Germany
user_0799,2025-09-06,Basic,Germany
user_0800,2025-06-15,Enterprise,United States
user_0801,2025-12-01,Pro,United States
user_0802,2025-01-30,Basic,Germany
user_0803,2025-09-04,Basic,United Kingdom
user_0804,2025-04-16,Basic,Canada
user_0805,2025-02-20,Basic,United States
user_0806,2025-03-22,Basic,United Kingdom
user_0807,2025-05-13,Pro,India
user_0808,2025-10-12,Pro,United States
user_0809,2025-05-18,Pro,United Kingdom
user_0810,2025-07-03,Pro,United Kingdom
user_0811,2025-11-26,Pro,Canada
user_0812,2025-09-30,Pro,Canada
user_0813,2025-12-06,Enterprise,India
user_0814,2025-03-10,Basic,United Kingdom
user_0815,2025-02-03,Basic,United Kingdom
user_0816,2025-09-19,Basic,Canada
user_0817,2025-02-22,Pro,United States
user_0818,2025-07-24,Enterprise,United States
user_0819,2025-05-06,Basic,Germany
user_0820,2025-08-23,Enterprise,Canada
user_0821,2025-02-12,Basic,Germany
user_0822,2025-08-28,Enterprise,Canada
user_0823,2025-04-21,Basic,India
user_0824,2025-09-06,Basic,United Kingdom
user_0825,2025-05-31,Basic,India
user_0826,2025-07-02,Basic,Canada
user_0827,2025-12-02,Basic,United Kingdom
user_0828,2025-04-05,Basic,United States
user_0829,2025-01-08,Pro,United States
user_0830,2025-12-26,Pro,Germany
user_0831,2025-07-03,Basic,Canada
user_0832,2025-10-08,Pro,Canada
user_0833,2025-07-14,Pro,United States
user_0834,2025-12-18,Basic,India
user_0835,2025-07-14,Basic,United Kingdom
user_0836,2025-06-04,Basic,India
user_0837,2025-04-03,Basic,India
user_0838,2025-06-09,Pro,United States
user_0839,2025-03-02,Basic,United States
user_0840,2025-05-02,Pro,United States
user_0841,2025-02-20,Pro,Germany
user_0842,2025-10-04,Basic,India
user_0843,2025-01-05,Pro,Canada
user_0844,2025-04-02,Basic,United Kingdom
user_0845,2025-06-19,Enterprise,Germany
user_0846,2025-11-13,Basic,Canada
user_0847,2025-01-22,Pro,India
user_0848,2025-11-22,Pro,United States
user_0849,2025-01-01,Basic,India
user_0850,2025-05-13,Pro,United Kingdom
user_0851,2025-08-21,Enterprise,Germany
user_0852,2025-01-12,Pro,Germany
user_0853,2025-12-12,Pro,United Kingdom
user_0854,2025-02-15,Enterprise,Canada
user_0855,2025-02-03,Basic,Canada
user_0856,2025-03-19,Basic,Germany
user_0857,2025-08-06,Pro,Germany
user_0858,2025-10-28,Basic,United States
user_0859,2025-03-14,Pro,Canada
user_0860,2025-10-09,Enterprise,United Kingdom
user_0861,2025-09-06,Basic,Canada
user_0862,2025-02-16,Basic,United States
user_0863,2025-05-01,Pro,Germany
user_0864,2025-08-02,Basic,Germany
user_0865,2025-08-27,Pro,United States
user_0866,2025-02-25,Basic,United Kingdom
user_0867,2025-12-16,Pro,Germany
user_0868,2025-04-17,Basic,India
user_0869,2025-11-15,Pro,Germany
user_0870,2025-02-17,Basic,India
user_0871,2025-03-02,Pro,United States
user_0872,2025-12-03,Basic,United States
user_0873,2025-01-26,Pro,Germany
user_0874,2025-10-19,Enterprise,Canada
user_0875,2025-09-14,Basic,India
user_0876,2025-01-08,Basic,United Kingdom
user_0877,2025-04-23,Basic,Germany
user_0878,2025-12-21,Pro,United Kingdom
user_0879,2025-09-10,Pro,Germany
user_0880,2025-06-29,Pro,Canada
user_0881,2025-07-26,Basic,Canada
user_0882,2025-10-30,Basic,Canada
user_0883,2025-05-07,Pro,Canada
user_0884,2025-02-25,Basic,United States
user_0885,2025-08-02,Enterprise,United States
user_0886,2025-01-14,Basic,India
user_0887,2025-01-28,Pro,United Kingdom
user_0888,2025-03-19,Basic,Germany
user_0889,2025-08-04,Basic,Germany
user_0890,2025-12-31,Pro,United States
user_0891,2025-06-03,Pro,Germany
user_0892,2025-01-14,Enterprise,United States
user_0893,2025-07-06,Basic,India
user_0894,2025-11-08,Basic,United Kingdom
user_0895,2025-01-07,Pro,India
user_0896,2025-01-03,Pro,Canada
user_0897,2025-04-21,Basic,Canada
user_0898,2025-08-26,Basic,Canada
user_0899,2025-12-29,Basic,India
user_0900,2025-08-27,Enterprise,Germany
user_0901,2025-10-01,Basic,United Kingdom
user_0902,2025-10-21,Basic,Canada
user_0903,2025-08-15,Basic,Canada
user_0904,2025-01-15,Basic,Canada
user_0905,2025-07-11,Basic,United Kingdom
user_0906,2025-04-29,Pro,Canada
user_0907,2025-01-28,Basic,United Kingdom
user_0908,2025-07-21,Pro,Canada
user_0909,2025-02-08,Basic,India
user_0910,2025-09-30,Pro,India
user_0911,2025-08-19,Enterprise,United Kingdom
user_0912,2025-03-27,Pro,India
user_0913,2025-05-06,Pro,United Kingdom
user_0914,2025-10-27,Basic,India
user_0915,2025-01-25,Basic,India
user_0916,2025-05-25,Pro,United Kingdom
user_0917,2025-01-13,Enterprise,Germany
user_0918,2025-07-31,Pro,India
user_0919,2025-01-25,Pro,Canada
user_0920,2025-03-09,Pro,Germany
user_0921,2025-03-08,Basic,United Kingdom
user_0922,2025-08-21,Basic,Germany
user_0923,2025-04-19,Pro,United States
user_0924,2025-05-26,Enterprise,United States
user_0925,2025-04-21,Basic,India
user_0926,2025-08-16,Pro,India
user_0927,2025-04-21,Basic,Canada
user_0928,2025-02-03,Pro,Germany
user_0929,2025-04-21,Basic,United States
user_0930,2025-09-21,Basic,India
user_0931,2025-08-24,Pro,Germany
user_0932,2025-03-24,Basic,India
user_0933,2025-02-11,Pro,India
user_0934,2025-04-11,Pro,United States
user_0935,2025-01-06,Enterprise,United States
user_0936,2025-06-29,Basic,India
user_0937,2025-10-09,Basic,United Kingdom
user_0938,2025-11-16,Basic,India
user_0939,2025-08-14,Enterprise,India
user_0940,2025-11-11,Enterprise,Canada
user_0941,2025-12-31,Pro,Canada
user_0942,2025-08-17,Pro,Canada
user_0943,2025-10-16,Pro,United Kingdom
user_0944,2025-05-30,Pro,United Kingdom
user_0945,2025-10-04,Basic,India
user_0946,2025-07-17,Pro,Canada
user_0947,2025-03-11,Basic,United Kingdom
user_0948,2025-04-22,Pro,United States
user_0949,2025-01-04,Pro,India
user_0950,2025-12-16,Pro,Germany
user_0951,2025-11-27,Basic,India
user_0952,2025-11-14,Basic,Germany
user_0953,2025-12-16,Basic,Canada
user_0954,2025-04-05,Basic,Germany
user_0955,2025-06-01,Basic,Canada
user_0956,2025-11-07,Enterprise,United States
user_0957,2025-05-17,Pro,Germany
user_0958,2025-09-04,Basic,India
user_0959,2025-08-31,Basic,Canada
user_0960,2025-01-31,Basic,India
user_0961,2025-02-09,Pro,United Kingdom
user_0962,2025-08-17,Pro,Canada
user_0963,2025-02-05,Enterprise,Germany
user_0964,2025-08-11,Basic,Canada
user_0965,2025-01-06,Enterprise,India
user_0966,2025-11-18,Enterprise,United States
user_0967,2025-08-08,Basic,Canada
user_0968,2025-03-16,Enterprise,Germany
user_0969,2025-01-04,Basic,United Kingdom
user_0970,2025-12-01,Pro,United States
user_0971,2025-05-14,Basic,United Kingdom
user_0972,2025-04-28,Enterprise,Canada
user_0973,2025-04-04,Enterprise,India
user_0974,2025-03-03,Pro,India
user_0975,2025-07-13,Pro,Germany
user_0976,2025-12-01,Basic,India
user_0977,2025-07-22,Basic,United States
user_0978,2025-01-26,Basic,India
user_0979,2025-06-22,Basic,Germany
user_0980,2025-10-27,Pro,Canada
user_0981,2025-05-13,Basic,Canada
user_0982,2025-11-22,Enterprise,India
user_0983,2025-04-28,Pro,United Kingdom
user_0984,2025-11-20,Pro,Canada
user_0985,2025-10-02,Basic,India
user_0986,2025-07-31,Enterprise,Germany
user_0987,2025-08-13,Enterprise,India
user_0988,2025-01-20,Basic,Canada
user_0989,2025-04-23,Pro,Germany
user_0990,2025-05-20,Pro,India
user_0991,2025-02-16,Basic,United States
user_0992,2025-01-01,Pro,Germany
user_0993,2025-03-31,Basic,United States
user_0994,2025-05-22,Basic,United Kingdom
user_0995,2025-11-16,Basic,Germany
user_0996,2025-02-07,Basic,United States
user_0997,2025-10-20,Basic,Canada
user_0998,2025-05-19,Basic,Canada
user_0999,2025-12-22,Enterprise,United Kingdom
user_1000,2025-11-29,Pro,Germany
